send_time,subject,recipients,opens,clicks
2023-03-08 21:00:00,Subject 1,6934,3140,70
2023-12-22 13:00:00,Subject 2,6168,1022,371
2023-01-10 06:00:00,Subject 3,2549,862,112
2023-10-25 03:00:00,Subject 4,8628,1122,134
2023-09-04 23:00:00,Subject 5,6200,1875,1
2023-04-28 21:00:00,Subject 6,7837,2557,346
2023-07-13 07:00:00,Subject 7,1806,377,4
2023-02-16 03:00:00,Subject 8,6441,646,14
2023-02-18 10:00:00,Subject 9,9861,1319,23
2023-02-02 09:00:00,Subject 10,8216,3840,92
2023-06-26 09:00:00,Subject 11,3356,982,65
2023-06-12 04:00:00,Subject 12,2156,147,2
2023-06-20 20:00:00,Subject 13,4103,764,11
2023-01-15 02:00:00,Subject 14,6673,1523,38
2023-04-04 15:00:00,Subject 15,7889,2022,316
2023-10-04 16:00:00,Subject 16,8200,4901,131
2023-04-09 23:00:00,Subject 17,9393,3001,252
2023-12-05 01:00:00,Subject 18,9593,3318,73
2023-02-18 16:00:00,Subject 19,4723,1979,56
2023-05-07 09:00:00,Subject 20,9756,2955,459
2023-02-19 20:00:00,Subject 21,9912,3008,229
2023-07-22 08:00:00,Subject 22,6037,2039,167
2023-09-18 12:00:00,Subject 23,9661,1917,156
2023-02-27 11:00:00,Subject 24,7244,1974,90
2023-03-09 17:00:00,Subject 25,8137,1910,113
2023-12-04 14:00:00,Subject 26,8928,1719,333
2023-03-23 06:00:00,Subject 27,8161,1003,139
2023-05-01 03:00:00,Subject 28,7459,2440,164
2023-10-10 20:00:00,Subject 29,5523,2918,309
2023-06-13 12:00:00,Subject 30,1695,108,11
2023-08-12 04:00:00,Subject 31,8231,3734,808
2023-07-07 15:00:00,Subject 32,4966,1170,179
2023-04-29 22:00:00,Subject 33,1894,472,22
2023-06-01 02:00:00,Subject 34,1829,425,4
2023-12-27 14:00:00,Subject 35,8413,1186,403
2023-07-22 16:00:00,Subject 36,8348,1695,266
2023-01-25 06:00:00,Subject 37,6352,279,24
2023-12-20 10:00:00,Subject 38,4720,867,7
2023-02-08 05:00:00,Subject 39,7676,3107,630
2023-01-27 19:00:00,Subject 40,9067,790,104
2023-08-01 12:00:00,Subject 41,2666,1266,237
2023-02-17 03:00:00,Subject 42,1510,237,9
2023-12-16 06:00:00,Subject 43,6676,800,200
2023-07-02 15:00:00,Subject 44,5769,1607,294
2023-04-10 11:00:00,Subject 45,4541,1840,222
2023-08-24 17:00:00,Subject 46,1863,745,109
2023-08-20 01:00:00,Subject 47,7712,2843,296
2023-07-12 19:00:00,Subject 48,7766,1880,34
2023-09-14 07:00:00,Subject 49,8371,5215,144
2023-05-21 05:00:00,Subject 50,3352,1394,39
2023-01-04 01:00:00,Subject 51,7306,2172,40
2023-08-08 21:00:00,Subject 52,6685,836,107
2023-03-16 19:00:00,Subject 53,2661,402,25
2023-06-07 12:00:00,Subject 54,2472,403,3
2023-08-13 21:00:00,Subject 55,5479,3306,123
2023-10-05 04:00:00,Subject 56,8365,2740,89
2023-08-08 02:00:00,Subject 57,5268,1991,233
2023-11-04 03:00:00,Subject 58,4723,2790,60
2023-08-06 03:00:00,Subject 59,3248,1662,310
2023-08-13 09:00:00,Subject 60,1124,203,8
2023-10-03 00:00:00,Subject 61,3709,817,25
2023-03-04 06:00:00,Subject 62,6379,2490,54
2023-11-13 16:00:00,Subject 63,2292,761,107
2023-02-05 14:00:00,Subject 64,3736,510,12
2023-03-27 08:00:00,Subject 65,1433,206,3
2023-08-06 00:00:00,Subject 66,8261,4789,897
2023-02-18 04:00:00,Subject 67,6931,3105,501
2023-09-11 15:00:00,Subject 68,1168,174,9
2023-03-25 08:00:00,Subject 69,3680,1667,102
2023-01-29 00:00:00,Subject 70,3093,828,7
2023-12-13 03:00:00,Subject 71,3283,1677,118
2023-06-19 08:00:00,Subject 72,3412,875,95
2023-05-17 03:00:00,Subject 73,9995,1274,343
2023-01-29 01:00:00,Subject 74,1921,634,18
2023-11-16 11:00:00,Subject 75,7188,2542,303
2023-05-26 21:00:00,Subject 76,5838,1663,343
2023-07-14 19:00:00,Subject 77,3416,1878,98
2023-08-24 09:00:00,Subject 78,6372,442,28
2023-04-15 09:00:00,Subject 79,5630,990,388
2023-03-30 14:00:00,Subject 80,4112,528,120
2023-05-14 08:00:00,Subject 81,7416,993,38
2023-12-13 20:00:00,Subject 82,7709,4737,259
2023-12-14 14:00:00,Subject 83,9230,2202,39
2023-02-22 21:00:00,Subject 84,4639,2245,176
2023-02-18 17:00:00,Subject 85,2300,291,125
2023-04-24 10:00:00,Subject 86,8286,524,12
2023-12-26 16:00:00,Subject 87,9652,4272,365
2023-10-08 14:00:00,Subject 88,1937,115,21
2023-10-21 16:00:00,Subject 89,9810,1213,83
2023-12-30 03:00:00,Subject 90,9334,1704,61
2023-11-20 18:00:00,Subject 91,8318,2067,13
2023-10-30 23:00:00,Subject 92,6899,1492,358
2023-09-14 09:00:00,Subject 93,5601,630,6
2023-05-14 11:00:00,Subject 94,2815,1244,156
2023-03-10 14:00:00,Subject 95,4902,88,6
2023-06-07 21:00:00,Subject 96,6597,1749,8
2023-02-25 09:00:00,Subject 97,9375,1670,3
2023-04-30 17:00:00,Subject 98,7440,1691,217
2023-09-19 15:00:00,Subject 99,5110,1808,217
2023-09-27 15:00:00,Subject 100,5983,327,32
2023-10-18 06:00:00,Subject 101,9762,5043,319
2023-11-17 15:00:00,Subject 102,2434,755,128
2023-06-28 15:00:00,Subject 103,9859,637,10
2023-03-13 03:00:00,Subject 104,3067,768,53
2023-10-28 03:00:00,Subject 105,9314,2791,30
2023-12-20 02:00:00,Subject 106,8772,1659,666
2023-04-26 14:00:00,Subject 107,9420,4079,145
2023-01-03 13:00:00,Subject 108,3978,3453,160
2023-02-15 05:00:00,Subject 109,2011,611,16
2023-01-21 15:00:00,Subject 110,2163,893,214
2023-02-15 18:00:00,Subject 111,1564,186,1
2023-10-07 11:00:00,Subject 112,1524,657,17
2023-06-22 16:00:00,Subject 113,8472,1883,114
2023-12-17 03:00:00,Subject 114,5588,305,28
2023-03-14 08:00:00,Subject 115,7282,2583,650
2023-08-14 05:00:00,Subject 116,2192,132,2
2023-04-04 15:00:00,Subject 117,1408,411,25
2023-08-29 07:00:00,Subject 118,7174,4085,89
2023-02-13 01:00:00,Subject 119,8407,3385,324
2023-08-08 14:00:00,Subject 120,6478,3364,216
2023-03-08 21:00:00,Subject 121,6449,1229,53
2023-12-10 18:00:00,Subject 122,5400,686,80
2023-08-09 00:00:00,Subject 123,1428,200,24
2023-12-15 23:00:00,Subject 124,9100,4236,52
2023-01-05 18:00:00,Subject 125,1570,749,75
2023-09-05 13:00:00,Subject 126,1955,985,68
2023-07-15 22:00:00,Subject 127,8102,3271,438
2023-08-14 18:00:00,Subject 128,4186,1198,20
2023-06-11 02:00:00,Subject 129,8886,1621,750
2023-07-17 06:00:00,Subject 130,4466,987,10
2023-06-29 17:00:00,Subject 131,8384,1094,24
2023-01-11 06:00:00,Subject 132,4631,692,16
2023-01-31 15:00:00,Subject 133,6135,1076,203
2023-07-17 20:00:00,Subject 134,4218,2150,435
2023-02-21 12:00:00,Subject 135,7451,1813,96
2023-01-30 03:00:00,Subject 136,8312,1087,334
2023-08-10 05:00:00,Subject 137,9747,3112,254
2023-06-07 06:00:00,Subject 138,3604,971,172
2023-02-27 14:00:00,Subject 139,4791,1528,65
2023-11-24 14:00:00,Subject 140,2689,653,60
2023-04-20 10:00:00,Subject 141,6812,693,80
2023-03-28 07:00:00,Subject 142,4444,1572,20
2023-06-17 14:00:00,Subject 143,2030,732,63
2023-09-25 19:00:00,Subject 144,4360,435,36
2023-04-28 00:00:00,Subject 145,4032,2468,427
2023-12-11 18:00:00,Subject 146,7419,1075,49
2023-01-17 20:00:00,Subject 147,7295,1898,19
2023-12-21 08:00:00,Subject 148,7658,2698,30
2023-02-21 18:00:00,Subject 149,1158,404,65
2023-06-18 09:00:00,Subject 150,1516,431,28
2023-12-09 07:00:00,Subject 151,2628,774,24
2023-05-04 12:00:00,Subject 152,6257,1262,64
2023-11-23 07:00:00,Subject 153,8362,1496,28
2023-08-17 16:00:00,Subject 154,5619,882,2
2023-09-26 03:00:00,Subject 155,7934,496,31
2023-09-05 01:00:00,Subject 156,6090,1463,92
2023-11-26 20:00:00,Subject 157,7523,753,7
2023-05-23 13:00:00,Subject 158,7922,634,2
2023-07-05 05:00:00,Subject 159,1622,36,1
2023-05-16 09:00:00,Subject 160,2715,156,11
2023-12-05 02:00:00,Subject 161,2891,1412,387
2023-10-14 10:00:00,Subject 162,4513,1900,149
2023-11-03 11:00:00,Subject 163,2563,1694,270
2023-06-10 02:00:00,Subject 164,4153,339,75
2023-12-12 21:00:00,Subject 165,7450,3206,129
2023-02-18 08:00:00,Subject 166,6021,1407,159
2023-01-10 21:00:00,Subject 167,3504,109,8
2023-10-11 02:00:00,Subject 168,5021,621,60
2023-06-11 08:00:00,Subject 169,1992,852,82
2023-09-04 07:00:00,Subject 170,8136,2383,162
2023-03-28 18:00:00,Subject 171,8083,1812,58
2023-05-15 23:00:00,Subject 172,8620,5141,410
2023-12-14 23:00:00,Subject 173,7773,2920,694
2023-07-11 18:00:00,Subject 174,3894,1532,56
2023-04-27 15:00:00,Subject 175,2481,689,131
2023-07-26 01:00:00,Subject 176,4533,1927,69
2023-05-25 10:00:00,Subject 177,9667,3222,271
2023-08-25 00:00:00,Subject 178,5753,3866,276
2023-12-25 07:00:00,Subject 179,3618,662,15
2023-02-02 02:00:00,Subject 180,9162,3233,139
2023-12-26 13:00:00,Subject 181,2884,610,2
2023-07-24 01:00:00,Subject 182,3463,895,10
2023-10-13 12:00:00,Subject 183,4889,1854,154
2023-03-21 17:00:00,Subject 184,1764,616,63
2023-02-17 21:00:00,Subject 185,2343,1034,402
2023-03-13 19:00:00,Subject 186,8810,2785,197
2023-08-16 09:00:00,Subject 187,5701,1771,310
2023-11-13 13:00:00,Subject 188,9931,2186,42
2023-12-13 04:00:00,Subject 189,8748,228,2
2023-09-12 21:00:00,Subject 190,4539,1173,126
2023-04-21 06:00:00,Subject 191,3541,342,5
2023-03-22 13:00:00,Subject 192,7905,2602,44
2023-10-08 16:00:00,Subject 193,7020,2158,114
2023-04-05 11:00:00,Subject 194,1972,243,15
2023-08-29 03:00:00,Subject 195,8544,2001,62
2023-07-16 21:00:00,Subject 196,7692,3259,349
2023-12-21 09:00:00,Subject 197,2745,788,106
2023-12-16 22:00:00,Subject 198,4911,1458,75
2023-11-11 08:00:00,Subject 199,8012,2597,29
2023-04-16 08:00:00,Subject 200,9142,871,134
2023-10-29 14:00:00,Subject 201,9911,2670,616
2023-06-17 07:00:00,Subject 202,6036,250,0
2023-03-12 00:00:00,Subject 203,3428,446,67
2023-08-23 22:00:00,Subject 204,7138,1330,55
2023-06-23 01:00:00,Subject 205,8253,1713,71
2023-09-21 02:00:00,Subject 206,5279,3309,636
2023-08-27 07:00:00,Subject 207,5286,2245,69
2023-10-14 07:00:00,Subject 208,3175,1103,6
2023-09-03 07:00:00,Subject 209,1226,272,22
2023-05-16 07:00:00,Subject 210,8981,2787,339
2023-04-28 21:00:00,Subject 211,8318,750,14
2023-01-29 00:00:00,Subject 212,8466,854,68
2023-01-02 13:00:00,Subject 213,3805,1938,171
2023-11-06 07:00:00,Subject 214,2615,1567,17
2023-05-08 17:00:00,Subject 215,1088,234,9
2023-11-17 08:00:00,Subject 216,9665,1047,34
2023-01-06 15:00:00,Subject 217,1303,195,5
2023-03-29 21:00:00,Subject 218,1386,294,30
2023-05-02 06:00:00,Subject 219,3884,378,35
2023-06-16 13:00:00,Subject 220,4826,744,50
2023-03-09 14:00:00,Subject 221,3072,559,45
2023-06-26 03:00:00,Subject 222,5494,951,60
2023-01-17 10:00:00,Subject 223,9156,1571,40
2023-09-02 03:00:00,Subject 224,4143,2755,116
2023-04-24 07:00:00,Subject 225,1183,208,28
2023-01-16 09:00:00,Subject 226,8094,1526,266
2023-03-01 19:00:00,Subject 227,4208,908,1
2023-07-28 10:00:00,Subject 228,6411,194,8
2023-04-07 08:00:00,Subject 229,4861,729,32
2023-08-08 18:00:00,Subject 230,3927,1550,167
2023-12-04 18:00:00,Subject 231,9755,2865,102
2023-09-03 09:00:00,Subject 232,2252,296,6
2023-09-15 13:00:00,Subject 233,5119,192,6
2023-09-03 15:00:00,Subject 234,3196,672,38
2023-06-24 17:00:00,Subject 235,4048,1518,428
2023-05-15 14:00:00,Subject 236,1565,209,19
2023-08-18 15:00:00,Subject 237,3110,1670,76
2023-11-29 05:00:00,Subject 238,1108,611,51
2023-02-14 17:00:00,Subject 239,5506,1402,47
2023-12-05 01:00:00,Subject 240,5188,2315,167
2023-08-20 04:00:00,Subject 241,1455,608,15
2023-08-30 10:00:00,Subject 242,1919,459,5
2023-06-01 15:00:00,Subject 243,2452,712,101
2023-12-29 20:00:00,Subject 244,5531,1750,9
2023-12-05 08:00:00,Subject 245,6399,1368,191
2023-02-17 07:00:00,Subject 246,6510,2242,145
2023-01-24 21:00:00,Subject 247,4237,701,127
2023-06-15 14:00:00,Subject 248,7927,3623,141
2023-03-05 21:00:00,Subject 249,7820,3549,240
2023-07-01 03:00:00,Subject 250,9899,1166,12
2023-08-20 02:00:00,Subject 251,7593,335,21
2023-03-10 21:00:00,Subject 252,8225,2010,336
2023-05-14 12:00:00,Subject 253,4070,1410,0
2023-10-24 03:00:00,Subject 254,3671,933,147
2023-11-23 04:00:00,Subject 255,8189,2553,188
2023-10-23 07:00:00,Subject 256,6230,1686,75
2023-08-01 23:00:00,Subject 257,2213,266,32
2023-05-23 02:00:00,Subject 258,7277,5475,165
2023-02-25 02:00:00,Subject 259,9468,2227,61
2023-09-20 11:00:00,Subject 260,9398,1706,35
2023-07-31 07:00:00,Subject 261,5218,2093,209
2023-11-08 17:00:00,Subject 262,1722,470,39
2023-06-06 19:00:00,Subject 263,6854,1005,211
2023-01-05 07:00:00,Subject 264,4381,934,131
2023-07-02 07:00:00,Subject 265,8837,3077,702
2023-02-09 22:00:00,Subject 266,3134,797,8
2023-04-19 16:00:00,Subject 267,6302,567,34
2023-07-11 16:00:00,Subject 268,2996,462,13
2023-10-30 18:00:00,Subject 269,6427,2056,68
2023-07-21 22:00:00,Subject 270,4935,1401,124
2023-11-05 22:00:00,Subject 271,1390,635,19
2023-05-17 06:00:00,Subject 272,4893,1569,141
2023-11-13 12:00:00,Subject 273,6881,2064,136
2023-12-07 03:00:00,Subject 274,1907,570,65
2023-06-28 01:00:00,Subject 275,4198,1522,119
2023-09-07 05:00:00,Subject 276,5148,1500,16
2023-07-01 21:00:00,Subject 277,7789,981,214
2023-06-27 05:00:00,Subject 278,6977,2292,631
2023-04-08 12:00:00,Subject 279,4358,551,45
2023-10-14 15:00:00,Subject 280,5293,2511,157
2023-08-02 10:00:00,Subject 281,7863,3132,314
2023-11-07 04:00:00,Subject 282,6277,1283,26
2023-06-01 05:00:00,Subject 283,7945,1200,22
2023-01-09 01:00:00,Subject 284,9523,4593,63
2023-10-11 16:00:00,Subject 285,8484,4201,328
2023-08-15 20:00:00,Subject 286,8027,1728,208
2023-02-26 07:00:00,Subject 287,4359,1792,171
2023-11-01 01:00:00,Subject 288,8692,3633,498
2023-07-13 12:00:00,Subject 289,7897,1499,132
2023-07-03 12:00:00,Subject 290,1579,67,1
2023-02-21 04:00:00,Subject 291,6588,2253,68
2023-11-05 05:00:00,Subject 292,7751,1895,80
2023-11-13 14:00:00,Subject 293,8965,3008,680
2023-07-06 13:00:00,Subject 294,2478,89,22
2023-04-22 20:00:00,Subject 295,9686,4705,443
2023-12-01 07:00:00,Subject 296,4019,2115,49
2023-10-20 05:00:00,Subject 297,2855,1306,201
2023-11-14 23:00:00,Subject 298,9735,4630,1025
2023-05-07 06:00:00,Subject 299,8445,676,56
2023-09-13 18:00:00,Subject 300,5271,2422,213
2023-06-09 12:00:00,Subject 301,2490,320,48
2023-07-09 06:00:00,Subject 302,8661,6369,289
2023-10-09 15:00:00,Subject 303,2701,382,27
2023-10-04 09:00:00,Subject 304,3962,1650,89
2023-01-15 13:00:00,Subject 305,8535,1871,104
2023-05-31 19:00:00,Subject 306,7546,3975,274
2023-12-30 06:00:00,Subject 307,3190,443,64
2023-03-15 16:00:00,Subject 308,1481,189,21
2023-03-09 03:00:00,Subject 309,6281,1685,88
2023-06-15 06:00:00,Subject 310,7896,719,58
2023-11-01 07:00:00,Subject 311,9856,1568,175
2023-04-22 20:00:00,Subject 312,8885,862,110
2023-03-26 23:00:00,Subject 313,2890,865,75
2023-11-09 08:00:00,Subject 314,4479,856,19
2023-06-02 03:00:00,Subject 315,9201,1100,169
2023-09-18 03:00:00,Subject 316,9089,2915,159
2023-01-21 23:00:00,Subject 317,4100,1600,45
2023-02-23 21:00:00,Subject 318,8275,2426,50
2023-05-07 17:00:00,Subject 319,6055,1431,126
2023-07-27 12:00:00,Subject 320,9648,1641,168
2023-12-27 07:00:00,Subject 321,1705,534,63
2023-03-03 13:00:00,Subject 322,1723,579,16
2023-10-05 22:00:00,Subject 323,3318,1724,200
2023-08-05 14:00:00,Subject 324,7809,2485,327
2023-07-19 00:00:00,Subject 325,7109,1850,112
2023-08-15 06:00:00,Subject 326,1835,787,70
2023-05-19 03:00:00,Subject 327,2008,315,45
2023-03-10 06:00:00,Subject 328,9993,5092,117
2023-11-03 18:00:00,Subject 329,1569,628,46
2023-02-28 05:00:00,Subject 330,6948,901,15
2023-02-25 17:00:00,Subject 331,4534,2083,80
2023-10-20 16:00:00,Subject 332,4070,1489,326
2023-09-17 04:00:00,Subject 333,4126,645,46
2023-04-02 19:00:00,Subject 334,9707,602,33
2023-11-28 18:00:00,Subject 335,3600,1575,26
2023-02-27 20:00:00,Subject 336,1400,181,33
2023-04-27 02:00:00,Subject 337,5670,1477,237
2023-04-22 20:00:00,Subject 338,7736,365,25
2023-07-04 22:00:00,Subject 339,6858,3916,72
2023-05-17 17:00:00,Subject 340,4971,2977,90
2023-10-21 05:00:00,Subject 341,8854,3030,148
2023-12-01 05:00:00,Subject 342,2798,500,57
2023-12-09 14:00:00,Subject 343,9017,3941,550
2023-12-17 08:00:00,Subject 344,3040,145,16
2023-08-01 09:00:00,Subject 345,4426,2164,16
2023-03-18 16:00:00,Subject 346,9288,5208,388
2023-02-18 09:00:00,Subject 347,7736,1042,56
2023-05-03 22:00:00,Subject 348,6268,371,1
2023-01-03 19:00:00,Subject 349,1241,78,0
2023-11-11 08:00:00,Subject 350,8719,794,150
2023-03-11 05:00:00,Subject 351,2306,1014,164
2023-04-11 00:00:00,Subject 352,1891,774,7
2023-08-11 21:00:00,Subject 353,5185,2282,75
2023-09-01 07:00:00,Subject 354,9555,2096,52
2023-01-25 13:00:00,Subject 355,1254,114,2
2023-09-16 06:00:00,Subject 356,2289,813,3
2023-04-27 11:00:00,Subject 357,8396,2406,39
2023-04-10 20:00:00,Subject 358,1028,268,14
2023-02-25 08:00:00,Subject 359,3991,506,111
2023-07-23 18:00:00,Subject 360,2692,266,38
2023-12-26 17:00:00,Subject 361,2267,218,19
2023-07-04 01:00:00,Subject 362,8884,4269,269
2023-11-15 08:00:00,Subject 363,5267,2192,36
2023-05-26 10:00:00,Subject 364,7112,1598,23
2023-04-14 09:00:00,Subject 365,3652,955,116
2023-02-19 07:00:00,Subject 366,9999,1824,203
2023-11-29 01:00:00,Subject 367,4313,1185,4
2023-08-19 15:00:00,Subject 368,7854,1621,227
2023-05-20 00:00:00,Subject 369,8637,1841,77
2023-03-05 19:00:00,Subject 370,2512,427,43
2023-06-24 00:00:00,Subject 371,5698,2214,328
2023-01-12 10:00:00,Subject 372,4118,1711,217
2023-08-29 15:00:00,Subject 373,6851,637,56
2023-09-09 18:00:00,Subject 374,6108,3934,202
2023-06-20 03:00:00,Subject 375,4562,2591,101
2023-02-15 05:00:00,Subject 376,4248,2206,324
2023-03-05 14:00:00,Subject 377,1637,158,16
2023-10-03 03:00:00,Subject 378,8624,2658,161
2023-12-16 02:00:00,Subject 379,8909,1591,167
2023-09-15 10:00:00,Subject 380,4370,1581,257
2023-05-13 13:00:00,Subject 381,7578,5586,245
2023-01-24 10:00:00,Subject 382,6458,265,30
2023-01-13 03:00:00,Subject 383,8836,2949,222
2023-08-08 13:00:00,Subject 384,2258,18,1
2023-06-16 06:00:00,Subject 385,6922,1490,41
2023-07-15 02:00:00,Subject 386,3914,1054,94
2023-05-11 23:00:00,Subject 387,1838,438,40
2023-09-17 06:00:00,Subject 388,9514,1979,213
2023-11-02 03:00:00,Subject 389,1865,895,7
2023-09-19 06:00:00,Subject 390,1908,132,11
2023-10-11 14:00:00,Subject 391,6012,2160,5
2023-04-23 16:00:00,Subject 392,9569,1007,28
2023-03-31 05:00:00,Subject 393,2756,721,6
2023-05-02 01:00:00,Subject 394,2573,1006,99
2023-07-14 10:00:00,Subject 395,7933,5316,189
2023-03-05 10:00:00,Subject 396,9911,448,9
2023-10-03 12:00:00,Subject 397,1120,237,32
2023-02-27 05:00:00,Subject 398,9340,3743,1090
2023-07-01 05:00:00,Subject 399,4009,384,25
2023-04-22 18:00:00,Subject 400,8638,3816,445
2023-08-08 15:00:00,Subject 401,8727,4021,204
2023-09-14 00:00:00,Subject 402,1552,206,13
2023-04-05 11:00:00,Subject 403,5878,3141,41
2023-02-16 20:00:00,Subject 404,4798,2591,157
2023-03-11 17:00:00,Subject 405,1287,630,19
2023-10-09 03:00:00,Subject 406,7449,1942,28
2023-08-19 05:00:00,Subject 407,8903,6264,131
2023-10-05 11:00:00,Subject 408,8609,2362,62
2023-11-02 22:00:00,Subject 409,7356,1455,141
2023-10-27 14:00:00,Subject 410,2075,257,3
2023-08-05 08:00:00,Subject 411,3312,1124,83
2023-04-10 22:00:00,Subject 412,9345,493,10
2023-09-15 01:00:00,Subject 413,7543,2065,56
2023-02-18 00:00:00,Subject 414,2302,639,30
2023-06-12 16:00:00,Subject 415,8724,831,24
2023-01-03 10:00:00,Subject 416,4735,1137,96
2023-12-23 22:00:00,Subject 417,1637,602,13
2023-11-19 05:00:00,Subject 418,7036,1135,30
2023-02-08 03:00:00,Subject 419,1694,170,10
2023-09-11 20:00:00,Subject 420,1966,290,27
2023-01-09 07:00:00,Subject 421,4710,664,114
2023-04-10 18:00:00,Subject 422,4400,793,56
2023-10-18 21:00:00,Subject 423,7660,4154,682
2023-02-08 13:00:00,Subject 424,3704,839,192
2023-01-15 17:00:00,Subject 425,5514,361,40
2023-06-05 01:00:00,Subject 426,9191,2304,62
2023-11-15 17:00:00,Subject 427,5024,418,151
2023-08-07 09:00:00,Subject 428,5073,1265,7
2023-05-12 14:00:00,Subject 429,1516,1087,22
2023-11-29 02:00:00,Subject 430,2511,107,7
2023-10-13 01:00:00,Subject 431,7748,1658,222
2023-07-14 02:00:00,Subject 432,9333,3578,805
2023-07-12 07:00:00,Subject 433,1543,239,4
2023-11-13 22:00:00,Subject 434,4464,255,0
2023-11-09 19:00:00,Subject 435,3070,974,67
2023-01-04 07:00:00,Subject 436,7901,1571,40
2023-02-07 18:00:00,Subject 437,9389,1079,4
2023-05-31 13:00:00,Subject 438,3375,761,287
2023-04-20 06:00:00,Subject 439,3488,1165,30
2023-10-31 12:00:00,Subject 440,8388,908,11
2023-09-28 21:00:00,Subject 441,2461,318,7
2023-09-01 03:00:00,Subject 442,2724,110,19
2023-02-03 07:00:00,Subject 443,7827,4257,251
2023-11-10 02:00:00,Subject 444,8164,1362,53
2023-09-08 16:00:00,Subject 445,3412,1448,18
2023-08-27 10:00:00,Subject 446,2510,1036,157
2023-09-25 03:00:00,Subject 447,5249,432,34
2023-02-07 09:00:00,Subject 448,6994,2378,1
2023-12-27 22:00:00,Subject 449,4591,789,227
2023-09-10 15:00:00,Subject 450,1171,279,6
2023-01-03 23:00:00,Subject 451,9733,5187,285
2023-08-12 04:00:00,Subject 452,8300,2550,86
2023-11-15 21:00:00,Subject 453,1829,811,82
2023-12-12 20:00:00,Subject 454,2795,503,69
2023-05-27 09:00:00,Subject 455,2289,798,16
2023-08-06 01:00:00,Subject 456,8774,2084,457
2023-06-21 15:00:00,Subject 457,1844,833,26
2023-04-26 00:00:00,Subject 458,8897,2630,721
2023-12-07 02:00:00,Subject 459,7670,2221,348
2023-06-11 10:00:00,Subject 460,3823,1325,35
2023-06-24 03:00:00,Subject 461,7218,888,92
2023-12-30 03:00:00,Subject 462,7367,2991,1010
2023-04-26 02:00:00,Subject 463,5812,1264,14
2023-01-14 19:00:00,Subject 464,8114,888,196
2023-07-23 00:00:00,Subject 465,3377,206,9
2023-08-31 00:00:00,Subject 466,3845,363,44
2023-05-29 07:00:00,Subject 467,1074,387,23
2023-08-23 01:00:00,Subject 468,2558,1051,8
2023-05-21 00:00:00,Subject 469,1758,823,58
2023-01-27 09:00:00,Subject 470,8563,2791,91
2023-01-15 14:00:00,Subject 471,8713,4126,1180
2023-05-27 23:00:00,Subject 472,7000,2502,373
2023-12-02 13:00:00,Subject 473,5707,1627,278
2023-11-07 22:00:00,Subject 474,5151,2340,303
2023-12-30 10:00:00,Subject 475,2116,1243,87
2023-02-14 07:00:00,Subject 476,9413,6224,704
2023-10-27 17:00:00,Subject 477,4075,1383,135
2023-07-12 02:00:00,Subject 478,1952,583,147
2023-12-28 09:00:00,Subject 479,9113,4564,14
2023-09-14 20:00:00,Subject 480,1683,234,29
2023-08-16 00:00:00,Subject 481,7914,1847,137
2023-08-13 21:00:00,Subject 482,5297,98,5
2023-01-12 13:00:00,Subject 483,4536,1536,84
2023-04-21 11:00:00,Subject 484,1886,612,29
2023-11-04 04:00:00,Subject 485,1127,868,35
2023-10-05 21:00:00,Subject 486,7382,1771,48
2023-02-04 09:00:00,Subject 487,2023,96,14
2023-06-04 01:00:00,Subject 488,3552,415,6
2023-01-09 00:00:00,Subject 489,4957,1474,97
2023-05-14 15:00:00,Subject 490,4317,564,1
2023-04-02 07:00:00,Subject 491,4322,780,66
2023-09-21 19:00:00,Subject 492,8096,2468,135
2023-02-20 05:00:00,Subject 493,2628,77,7
2023-10-11 20:00:00,Subject 494,2761,642,41
2023-07-29 19:00:00,Subject 495,3040,626,19
2023-12-16 12:00:00,Subject 496,7387,2811,973
2023-09-24 04:00:00,Subject 497,1368,219,35
2023-02-23 18:00:00,Subject 498,3321,721,9
2023-12-25 01:00:00,Subject 499,8113,2664,559
2023-03-10 11:00:00,Subject 500,6731,2243,90
2023-11-05 14:00:00,Subject 501,3396,957,27
2023-05-11 09:00:00,Subject 502,7593,540,22
2023-07-11 14:00:00,Subject 503,7934,1672,21
2023-05-10 07:00:00,Subject 504,1111,448,53
2023-07-11 19:00:00,Subject 505,6017,1859,0
2023-05-02 01:00:00,Subject 506,3017,518,60
2023-07-18 04:00:00,Subject 507,7097,2226,105
2023-12-17 14:00:00,Subject 508,4184,172,12
2023-12-31 16:00:00,Subject 509,7164,1531,72
2023-01-03 11:00:00,Subject 510,8919,1299,71
2023-02-20 03:00:00,Subject 511,7360,1250,7
2023-08-14 20:00:00,Subject 512,8122,3328,71
2023-01-16 18:00:00,Subject 513,6074,3987,177
2023-03-12 07:00:00,Subject 514,2997,242,64
2023-02-07 11:00:00,Subject 515,4495,776,7
2023-01-18 05:00:00,Subject 516,1496,291,47
2023-12-11 21:00:00,Subject 517,2093,823,156
2023-10-31 00:00:00,Subject 518,1040,46,9
2023-06-12 14:00:00,Subject 519,3955,2206,335
2023-11-24 03:00:00,Subject 520,9274,1818,29
2023-12-08 20:00:00,Subject 521,7087,2422,31
2023-03-10 06:00:00,Subject 522,6182,2908,245
2023-04-24 02:00:00,Subject 523,2020,138,14
2023-12-26 23:00:00,Subject 524,8293,1711,3
2023-01-04 15:00:00,Subject 525,8872,1344,30
2023-03-13 00:00:00,Subject 526,4766,733,153
2023-08-06 18:00:00,Subject 527,1440,317,30
2023-03-31 00:00:00,Subject 528,6778,1586,610
2023-02-05 10:00:00,Subject 529,5811,2080,170
2023-01-30 12:00:00,Subject 530,5516,1063,50
2023-08-23 19:00:00,Subject 531,6312,2644,786
2023-03-13 00:00:00,Subject 532,9532,2209,91
2023-05-05 21:00:00,Subject 533,5873,1581,31
2023-08-13 13:00:00,Subject 534,5660,305,7
2023-10-25 21:00:00,Subject 535,5456,817,58
2023-08-01 23:00:00,Subject 536,8122,2366,0
2023-08-15 09:00:00,Subject 537,3223,2347,85
2023-05-12 04:00:00,Subject 538,3070,1247,43
2023-09-22 05:00:00,Subject 539,6653,2106,281
2023-02-07 23:00:00,Subject 540,5173,2316,136
2023-07-30 15:00:00,Subject 541,1151,676,51
2023-11-26 13:00:00,Subject 542,7242,1112,355
2023-11-06 01:00:00,Subject 543,6952,1400,15
2023-04-15 07:00:00,Subject 544,7430,1067,108
2023-03-21 06:00:00,Subject 545,5558,423,32
2023-08-04 13:00:00,Subject 546,8662,2332,639
2023-01-02 03:00:00,Subject 547,3575,1927,169
2023-12-25 13:00:00,Subject 548,3323,1202,0
2023-03-05 17:00:00,Subject 549,3184,799,127
2023-09-29 00:00:00,Subject 550,8598,4205,182
2023-08-18 13:00:00,Subject 551,8836,549,41
2023-02-18 07:00:00,Subject 552,7867,2947,527
2023-01-18 01:00:00,Subject 553,6599,2315,143
2023-03-04 13:00:00,Subject 554,2127,151,2
2023-11-21 18:00:00,Subject 555,5552,1259,29
2023-02-25 20:00:00,Subject 556,4820,547,79
2023-04-16 08:00:00,Subject 557,3722,1204,42
2023-07-26 02:00:00,Subject 558,6802,4169,362
2023-03-30 17:00:00,Subject 559,1773,47,6
2023-10-17 03:00:00,Subject 560,7665,2248,55
2023-12-12 18:00:00,Subject 561,6050,1152,274
2023-10-09 20:00:00,Subject 562,6144,1150,382
2023-07-25 11:00:00,Subject 563,5238,2471,231
2023-06-23 06:00:00,Subject 564,2750,1208,12
2023-03-14 12:00:00,Subject 565,8301,2707,82
2023-02-05 01:00:00,Subject 566,5431,2599,108
2023-02-04 23:00:00,Subject 567,1322,870,229
2023-03-01 06:00:00,Subject 568,4846,1811,187
2023-01-22 15:00:00,Subject 569,1467,271,39
2023-03-24 00:00:00,Subject 570,3983,2390,242
2023-08-21 12:00:00,Subject 571,2785,946,205
2023-07-15 01:00:00,Subject 572,7450,1232,44
2023-01-19 00:00:00,Subject 573,8762,4415,514
2023-01-06 02:00:00,Subject 574,5708,1858,59
2023-10-13 13:00:00,Subject 575,9525,2227,194
2023-04-26 10:00:00,Subject 576,1901,162,33
2023-04-06 14:00:00,Subject 577,6207,969,16
2023-11-19 21:00:00,Subject 578,5404,3145,156
2023-10-24 11:00:00,Subject 579,7719,1588,144
2023-07-26 17:00:00,Subject 580,7222,624,63
2023-05-15 09:00:00,Subject 581,1467,362,23
2023-12-10 07:00:00,Subject 582,8748,2946,218
2023-02-23 05:00:00,Subject 583,9339,410,79
2023-01-16 23:00:00,Subject 584,8743,5683,160
2023-10-09 05:00:00,Subject 585,6039,1505,105
2023-10-06 14:00:00,Subject 586,8118,1855,559
2023-09-20 17:00:00,Subject 587,3000,1279,22
2023-07-03 10:00:00,Subject 588,4016,847,6
2023-04-02 03:00:00,Subject 589,6223,1733,298
2023-07-02 00:00:00,Subject 590,5456,1850,323
2023-03-28 14:00:00,Subject 591,1809,796,123
2023-04-21 01:00:00,Subject 592,9982,3344,35
2023-09-29 22:00:00,Subject 593,1390,368,5
2023-07-19 17:00:00,Subject 594,3770,343,27
2023-11-21 00:00:00,Subject 595,5478,2839,354
2023-04-14 16:00:00,Subject 596,1793,636,13
2023-05-07 06:00:00,Subject 597,3942,583,21
2023-01-16 05:00:00,Subject 598,9245,5939,50
2023-12-30 00:00:00,Subject 599,7891,628,7
2023-07-08 18:00:00,Subject 600,2752,1109,91
2023-02-03 21:00:00,Subject 601,5544,357,39
2023-06-25 03:00:00,Subject 602,8302,2878,87
2023-05-03 04:00:00,Subject 603,7665,3945,1150
2023-05-18 18:00:00,Subject 604,7168,4765,132
2023-10-17 03:00:00,Subject 605,2448,561,12
2023-08-21 08:00:00,Subject 606,5304,2269,16
2023-09-28 03:00:00,Subject 607,4220,634,17
2023-06-05 17:00:00,Subject 608,3479,1323,465
2023-01-25 23:00:00,Subject 609,6776,913,156
2023-06-01 09:00:00,Subject 610,1457,553,92
2023-12-14 21:00:00,Subject 611,8170,977,34
2023-04-13 05:00:00,Subject 612,2796,1267,332
2023-08-28 02:00:00,Subject 613,2851,536,139
2023-02-05 04:00:00,Subject 614,4478,503,123
2023-06-15 01:00:00,Subject 615,3868,2008,336
2023-04-14 17:00:00,Subject 616,5494,2223,140
2023-12-06 15:00:00,Subject 617,3758,1411,24
2023-01-02 21:00:00,Subject 618,1552,878,11
2023-10-25 16:00:00,Subject 619,2377,349,8
2023-02-11 00:00:00,Subject 620,8331,3561,200
2023-10-20 11:00:00,Subject 621,4332,1413,17
2023-04-06 05:00:00,Subject 622,8433,1624,77
2023-10-18 13:00:00,Subject 623,8235,1645,286
2023-07-10 11:00:00,Subject 624,9818,1434,236
2023-04-26 16:00:00,Subject 625,1072,623,76
2023-11-12 10:00:00,Subject 626,1101,276,10
2023-10-05 11:00:00,Subject 627,1372,476,8
2023-04-03 00:00:00,Subject 628,8328,210,39
2023-10-19 01:00:00,Subject 629,5832,733,68
2023-03-15 16:00:00,Subject 630,5780,737,32
2023-05-21 12:00:00,Subject 631,9475,1583,292
2023-08-26 19:00:00,Subject 632,2008,645,100
2023-06-30 16:00:00,Subject 633,7329,1601,103
2023-03-02 19:00:00,Subject 634,7407,1955,124
2023-10-16 02:00:00,Subject 635,5504,2046,40
2023-01-27 17:00:00,Subject 636,6300,758,7
2023-03-15 12:00:00,Subject 637,7327,2982,393
2023-12-31 20:00:00,Subject 638,5084,306,27
2023-01-27 02:00:00,Subject 639,1704,424,18
2023-09-02 14:00:00,Subject 640,1770,262,0
2023-11-11 18:00:00,Subject 641,9530,450,46
2023-07-19 23:00:00,Subject 642,3273,911,35
2023-11-02 09:00:00,Subject 643,8488,1829,313
2023-02-23 08:00:00,Subject 644,3665,702,108
2023-03-10 04:00:00,Subject 645,4774,799,94
2023-04-10 03:00:00,Subject 646,1071,93,46
2023-04-29 00:00:00,Subject 647,6483,1451,28
2023-03-20 09:00:00,Subject 648,8929,2016,34
2023-09-04 04:00:00,Subject 649,9968,3398,941
2023-05-09 14:00:00,Subject 650,9306,378,4
2023-08-02 18:00:00,Subject 651,6629,423,18
2023-04-30 02:00:00,Subject 652,3237,784,65
2023-06-10 12:00:00,Subject 653,9527,3027,461
2023-09-26 10:00:00,Subject 654,3355,55,15
2023-11-12 07:00:00,Subject 655,2555,733,214
2023-04-04 07:00:00,Subject 656,1856,783,14
2023-09-11 08:00:00,Subject 657,5466,2019,143
2023-03-28 23:00:00,Subject 658,8094,1264,213
2023-12-05 06:00:00,Subject 659,8445,775,84
2023-03-02 02:00:00,Subject 660,6108,1395,42
2023-03-31 01:00:00,Subject 661,3034,743,107
2023-06-15 10:00:00,Subject 662,9554,3734,1504
2023-11-29 19:00:00,Subject 663,4064,494,23
2023-12-31 20:00:00,Subject 664,7053,1677,208
2023-02-04 03:00:00,Subject 665,2460,457,0
2023-02-16 02:00:00,Subject 666,5446,2559,28
2023-11-02 06:00:00,Subject 667,8604,2199,233
2023-06-02 22:00:00,Subject 668,5553,2087,351
2023-10-06 08:00:00,Subject 669,6600,1646,33
2023-06-07 00:00:00,Subject 670,2895,560,46
2023-03-09 09:00:00,Subject 671,1108,305,5
2023-11-07 23:00:00,Subject 672,9382,866,138
2023-12-10 06:00:00,Subject 673,3242,795,40
2023-10-08 19:00:00,Subject 674,7449,918,3
2023-01-28 18:00:00,Subject 675,9163,1157,33
2023-12-22 00:00:00,Subject 676,1380,134,26
2023-03-11 03:00:00,Subject 677,3899,1510,120
2023-07-05 07:00:00,Subject 678,6216,1607,406
2023-03-02 07:00:00,Subject 679,9313,4641,788
2023-04-09 02:00:00,Subject 680,8219,1763,122
2023-10-23 19:00:00,Subject 681,1910,286,6
2023-01-28 12:00:00,Subject 682,7849,2937,197
2023-08-09 07:00:00,Subject 683,3264,555,95
2023-08-17 18:00:00,Subject 684,9424,4082,194
2023-03-23 13:00:00,Subject 685,6141,1012,61
2023-09-10 03:00:00,Subject 686,8815,4418,126
2023-05-11 05:00:00,Subject 687,2669,788,62
2023-10-25 10:00:00,Subject 688,1725,681,188
2023-06-17 17:00:00,Subject 689,3888,1516,92
2023-01-17 07:00:00,Subject 690,9420,4846,355
2023-12-08 19:00:00,Subject 691,6882,1856,196
2023-01-11 15:00:00,Subject 692,4568,2012,55
2023-11-02 19:00:00,Subject 693,3106,751,90
2023-05-23 12:00:00,Subject 694,3605,1081,45
2023-07-05 20:00:00,Subject 695,6541,3667,580
2023-05-15 07:00:00,Subject 696,7065,1576,39
2023-05-25 10:00:00,Subject 697,6959,1995,523
2023-06-11 10:00:00,Subject 698,5244,1945,439
2023-08-20 10:00:00,Subject 699,9241,3537,404
2023-01-20 09:00:00,Subject 700,5602,649,17
2023-03-19 06:00:00,Subject 701,2045,761,50
2023-10-23 06:00:00,Subject 702,7690,3195,67
2023-06-15 15:00:00,Subject 703,7959,1287,191
2023-08-11 15:00:00,Subject 704,1309,463,24
2023-09-12 21:00:00,Subject 705,9729,912,6
2023-10-05 13:00:00,Subject 706,9641,2184,115
2023-01-23 18:00:00,Subject 707,4100,896,104
2023-12-25 17:00:00,Subject 708,2504,1138,53
2023-03-27 15:00:00,Subject 709,4026,635,57
2023-01-14 05:00:00,Subject 710,4001,858,133
2023-01-27 23:00:00,Subject 711,1186,386,15
2023-01-01 08:00:00,Subject 712,1552,573,23
2023-06-04 20:00:00,Subject 713,7792,1778,988
2023-12-29 20:00:00,Subject 714,8858,1810,84
2023-10-07 10:00:00,Subject 715,4640,1762,87
2023-05-17 20:00:00,Subject 716,7320,4455,56
2023-09-02 09:00:00,Subject 717,4371,911,188
2023-11-30 03:00:00,Subject 718,8541,3605,125
2023-07-25 03:00:00,Subject 719,2477,358,30
2023-08-21 19:00:00,Subject 720,6131,2527,275
2023-02-02 02:00:00,Subject 721,3045,590,132
2023-09-18 15:00:00,Subject 722,3773,1380,64
2023-06-26 06:00:00,Subject 723,7510,1804,248
2023-06-25 21:00:00,Subject 724,5248,1010,42
2023-11-11 05:00:00,Subject 725,5491,1286,13
2023-01-04 06:00:00,Subject 726,7771,5405,350
2023-01-24 08:00:00,Subject 727,1937,488,17
2023-05-20 17:00:00,Subject 728,4187,1376,55
2023-03-05 01:00:00,Subject 729,8553,1913,307
2023-02-15 16:00:00,Subject 730,7915,2367,26
2023-01-12 02:00:00,Subject 731,3539,719,51
2023-10-19 09:00:00,Subject 732,8744,423,150
2023-07-31 06:00:00,Subject 733,5163,1274,112
2023-04-22 18:00:00,Subject 734,8409,2805,220
2023-10-16 20:00:00,Subject 735,9535,1967,137
2023-12-12 14:00:00,Subject 736,2143,126,9
2023-10-01 15:00:00,Subject 737,1043,289,11
2023-07-27 18:00:00,Subject 738,7529,1114,86
2023-04-10 19:00:00,Subject 739,1263,287,102
2023-06-02 09:00:00,Subject 740,2869,593,3
2023-04-19 02:00:00,Subject 741,3135,585,56
2023-07-01 10:00:00,Subject 742,7613,181,14
2023-06-10 13:00:00,Subject 743,1087,149,8
2023-05-02 09:00:00,Subject 744,3125,835,26
2023-12-28 16:00:00,Subject 745,8649,1455,160
2023-12-23 18:00:00,Subject 746,5383,2005,212
2023-05-23 21:00:00,Subject 747,3556,1942,94
2023-02-28 00:00:00,Subject 748,4945,3060,281
2023-03-09 13:00:00,Subject 749,2799,741,39
2023-01-15 16:00:00,Subject 750,6263,3246,197
2023-06-26 09:00:00,Subject 751,8475,543,42
2023-02-11 20:00:00,Subject 752,6181,3197,26
2023-11-22 00:00:00,Subject 753,2518,612,54
2023-09-30 04:00:00,Subject 754,1467,256,4
2023-03-09 13:00:00,Subject 755,5480,733,26
2023-04-11 19:00:00,Subject 756,4795,1504,3
2023-06-08 19:00:00,Subject 757,5180,598,13
2023-08-26 16:00:00,Subject 758,4511,1328,53
2023-02-21 07:00:00,Subject 759,2618,54,9
2023-05-21 00:00:00,Subject 760,7494,3101,233
2023-01-04 08:00:00,Subject 761,2773,1122,6
2023-06-15 18:00:00,Subject 762,7217,3608,210
2023-07-16 05:00:00,Subject 763,1195,575,0
2023-04-17 08:00:00,Subject 764,3676,609,84
2023-04-04 07:00:00,Subject 765,6004,910,17
2023-04-22 22:00:00,Subject 766,6734,1047,20
2023-09-30 11:00:00,Subject 767,6458,372,48
2023-05-13 19:00:00,Subject 768,4797,355,102
2023-07-29 04:00:00,Subject 769,7098,3910,337
2023-11-07 10:00:00,Subject 770,6048,2738,636
2023-02-12 19:00:00,Subject 771,5357,1299,29
2023-03-21 02:00:00,Subject 772,6229,2496,189
2023-10-02 19:00:00,Subject 773,5687,1617,414
2023-02-21 10:00:00,Subject 774,2286,60,0
2023-07-08 11:00:00,Subject 775,8359,1053,10
2023-08-13 08:00:00,Subject 776,4609,1853,123
2023-02-17 03:00:00,Subject 777,7107,2448,80
2023-05-12 06:00:00,Subject 778,5971,1348,12
2023-01-28 07:00:00,Subject 779,2841,202,14
2023-01-26 18:00:00,Subject 780,1968,284,2
2023-09-26 09:00:00,Subject 781,9170,740,13
2023-12-20 06:00:00,Subject 782,5463,1932,170
2023-01-26 21:00:00,Subject 783,9200,4171,4
2023-04-22 01:00:00,Subject 784,6680,965,228
2023-05-04 23:00:00,Subject 785,3112,878,268
2023-02-09 20:00:00,Subject 786,3185,976,65
2023-08-26 12:00:00,Subject 787,1698,551,65
2023-12-11 08:00:00,Subject 788,1933,982,63
2023-07-25 18:00:00,Subject 789,9722,1349,30
2023-12-30 09:00:00,Subject 790,4485,755,121
2023-03-31 02:00:00,Subject 791,9851,2349,263
2023-09-24 00:00:00,Subject 792,2644,1366,284
2023-05-29 19:00:00,Subject 793,7513,1079,164
2023-05-28 18:00:00,Subject 794,9830,2680,286
2023-01-05 18:00:00,Subject 795,4578,815,43
2023-12-26 06:00:00,Subject 796,3449,862,224
2023-01-10 17:00:00,Subject 797,7213,2234,486
2023-02-20 23:00:00,Subject 798,2818,2055,95
2023-08-18 06:00:00,Subject 799,2354,993,42
2023-10-24 02:00:00,Subject 800,8346,1364,16
2023-07-14 07:00:00,Subject 801,8277,434,51
2023-09-20 10:00:00,Subject 802,4550,872,76
2023-11-08 11:00:00,Subject 803,5463,2843,191
2023-11-04 07:00:00,Subject 804,2711,1313,8
2023-11-19 09:00:00,Subject 805,4412,938,271
2023-08-07 18:00:00,Subject 806,6123,1516,255
2023-06-16 16:00:00,Subject 807,1716,967,94
2023-03-30 18:00:00,Subject 808,4730,2139,179
2023-06-02 02:00:00,Subject 809,6490,2093,66
2023-12-17 08:00:00,Subject 810,2412,743,32
2023-01-26 05:00:00,Subject 811,1138,193,40
2023-04-06 20:00:00,Subject 812,4150,1487,76
2023-09-11 17:00:00,Subject 813,1186,266,70
2023-03-27 00:00:00,Subject 814,1289,72,5
2023-06-21 00:00:00,Subject 815,5188,1742,560
2023-05-15 11:00:00,Subject 816,3232,1127,144
2023-03-29 06:00:00,Subject 817,9025,3121,88
2023-06-20 13:00:00,Subject 818,4301,622,26
2023-03-26 18:00:00,Subject 819,9911,2910,179
2023-07-17 04:00:00,Subject 820,2180,900,35
2023-07-07 00:00:00,Subject 821,4444,426,12
2023-05-08 13:00:00,Subject 822,8609,2503,291
2023-08-15 10:00:00,Subject 823,3853,2014,52
2023-05-02 00:00:00,Subject 824,2347,766,37
2023-11-20 10:00:00,Subject 825,4588,2446,353
2023-09-05 16:00:00,Subject 826,2134,757,128
2023-08-24 15:00:00,Subject 827,5098,1056,1
2023-06-05 09:00:00,Subject 828,3547,1502,633
2023-04-10 08:00:00,Subject 829,3576,2248,127
2023-05-08 14:00:00,Subject 830,2837,354,24
2023-06-06 00:00:00,Subject 831,5533,1621,122
2023-11-22 20:00:00,Subject 832,5047,3144,685
2023-05-26 12:00:00,Subject 833,6816,803,40
2023-04-08 05:00:00,Subject 834,7777,2081,283
2023-12-23 05:00:00,Subject 835,7096,3717,223
2023-10-30 08:00:00,Subject 836,7907,3511,618
2023-07-15 13:00:00,Subject 837,9603,1009,50
2023-09-28 18:00:00,Subject 838,6599,847,68
2023-03-21 08:00:00,Subject 839,2792,72,1
2023-02-13 14:00:00,Subject 840,9449,2401,552
2023-10-25 11:00:00,Subject 841,2204,535,65
2023-01-09 11:00:00,Subject 842,1587,266,5
2023-12-29 19:00:00,Subject 843,1615,228,6
2023-11-15 16:00:00,Subject 844,7625,682,20
2023-02-18 00:00:00,Subject 845,9851,3420,45
2023-04-01 12:00:00,Subject 846,1541,685,5
2023-12-16 13:00:00,Subject 847,1851,314,49
2023-03-03 05:00:00,Subject 848,5979,1688,154
2023-06-26 08:00:00,Subject 849,9985,2071,181
2023-12-05 12:00:00,Subject 850,5721,948,3
2023-06-13 22:00:00,Subject 851,5892,1692,17
2023-04-24 00:00:00,Subject 852,7320,2149,293
2023-02-22 16:00:00,Subject 853,8411,4878,467
2023-02-23 22:00:00,Subject 854,6419,1652,118
2023-12-28 09:00:00,Subject 855,7717,3316,196
2023-06-02 15:00:00,Subject 856,7544,2299,66
2023-03-16 18:00:00,Subject 857,4600,630,13
2023-08-20 04:00:00,Subject 858,3496,1033,72
2023-09-29 01:00:00,Subject 859,5902,763,35
2023-04-06 15:00:00,Subject 860,3658,681,4
2023-03-26 07:00:00,Subject 861,1637,877,99
2023-01-03 15:00:00,Subject 862,9769,1207,222
2023-09-08 07:00:00,Subject 863,3254,87,15
2023-09-12 06:00:00,Subject 864,2856,390,74
2023-05-02 23:00:00,Subject 865,8720,4683,299
2023-08-20 00:00:00,Subject 866,7765,1889,297
2023-12-05 00:00:00,Subject 867,2084,1588,53
2023-01-29 13:00:00,Subject 868,9815,2619,270
2023-11-28 00:00:00,Subject 869,7354,2110,351
2023-08-01 17:00:00,Subject 870,2924,373,48
2023-08-16 12:00:00,Subject 871,6155,2443,666
2023-04-23 15:00:00,Subject 872,9115,3317,47
2023-01-27 08:00:00,Subject 873,4859,1619,112
2023-12-11 22:00:00,Subject 874,3553,1105,159
2023-04-10 22:00:00,Subject 875,8185,1373,47
2023-08-26 06:00:00,Subject 876,6620,506,38
2023-02-17 02:00:00,Subject 877,3460,966,339
2023-11-21 13:00:00,Subject 878,7593,1121,73
2023-10-11 14:00:00,Subject 879,8422,3664,181
2023-12-25 17:00:00,Subject 880,7063,1091,52
2023-12-12 04:00:00,Subject 881,6330,1101,116
2023-07-14 19:00:00,Subject 882,1331,703,28
2023-09-17 02:00:00,Subject 883,9387,2224,167
2023-04-09 09:00:00,Subject 884,3498,1879,6
2023-07-11 01:00:00,Subject 885,3475,2400,97
2023-05-30 21:00:00,Subject 886,8196,3232,64
2023-07-20 07:00:00,Subject 887,3247,347,8
2023-02-27 10:00:00,Subject 888,6625,3080,114
2023-03-16 23:00:00,Subject 889,6973,421,1
2023-04-25 09:00:00,Subject 890,8043,2794,152
2023-09-25 11:00:00,Subject 891,3601,247,0
2023-04-08 21:00:00,Subject 892,1274,683,57
2023-05-06 04:00:00,Subject 893,1108,56,4
2023-05-25 00:00:00,Subject 894,7085,4009,734
2023-03-20 16:00:00,Subject 895,3560,493,45
2023-09-11 18:00:00,Subject 896,7835,3198,306
2023-01-29 09:00:00,Subject 897,1948,204,5
2023-02-22 04:00:00,Subject 898,3599,1579,12
2023-12-25 15:00:00,Subject 899,5826,1089,121
2023-02-12 16:00:00,Subject 900,8560,1236,94
2023-06-26 01:00:00,Subject 901,2321,749,10
2023-12-27 14:00:00,Subject 902,8043,3755,39
2023-10-21 21:00:00,Subject 903,9992,3050,155
2023-02-21 20:00:00,Subject 904,6162,3030,101
2023-02-18 11:00:00,Subject 905,7550,825,14
2023-07-15 20:00:00,Subject 906,1367,260,0
2023-08-08 06:00:00,Subject 907,1118,85,3
2023-08-20 20:00:00,Subject 908,3598,1084,61
2023-07-10 04:00:00,Subject 909,4341,906,18
2023-02-22 17:00:00,Subject 910,6311,2518,38
2023-08-12 06:00:00,Subject 911,4421,1466,91
2023-04-16 03:00:00,Subject 912,3167,190,27
2023-03-16 16:00:00,Subject 913,7135,1356,30
2023-05-04 23:00:00,Subject 914,3788,1405,41
2023-04-07 04:00:00,Subject 915,9601,970,20
2023-09-17 16:00:00,Subject 916,1469,512,16
2023-12-24 04:00:00,Subject 917,5182,2443,97
2023-11-21 23:00:00,Subject 918,8620,1327,309
2023-10-22 05:00:00,Subject 919,8643,1554,31
2023-11-03 05:00:00,Subject 920,6114,2461,193
2023-04-04 03:00:00,Subject 921,5786,3803,66
2023-11-28 11:00:00,Subject 922,7851,1310,206
2023-12-30 05:00:00,Subject 923,2916,1017,11
2023-08-17 11:00:00,Subject 924,6944,1787,199
2023-01-01 19:00:00,Subject 925,4671,2268,60
2023-09-28 03:00:00,Subject 926,3958,765,104
2023-11-04 15:00:00,Subject 927,6270,1187,45
2023-07-15 19:00:00,Subject 928,6591,1263,9
2023-09-27 21:00:00,Subject 929,9838,1402,106
2023-12-27 19:00:00,Subject 930,5841,689,41
2023-03-21 22:00:00,Subject 931,9191,2110,409
2023-09-28 02:00:00,Subject 932,6390,3124,191
2023-02-08 16:00:00,Subject 933,3790,1370,120
2023-07-20 13:00:00,Subject 934,6501,1261,221
2023-01-31 23:00:00,Subject 935,3166,1016,114
2023-10-05 12:00:00,Subject 936,1761,818,5
2023-09-20 06:00:00,Subject 937,3429,1168,31
2023-07-03 09:00:00,Subject 938,9179,3936,1370
2023-05-18 11:00:00,Subject 939,9972,1604,153
2023-05-04 21:00:00,Subject 940,3983,1419,163
2023-01-04 21:00:00,Subject 941,9208,1552,428
2023-12-05 02:00:00,Subject 942,9570,3227,45
2023-01-09 01:00:00,Subject 943,8323,2157,20
2023-05-05 12:00:00,Subject 944,5911,1824,290
2023-06-03 08:00:00,Subject 945,8990,3179,73
2023-03-29 03:00:00,Subject 946,6785,652,68
2023-01-18 09:00:00,Subject 947,9893,2438,130
2023-11-19 23:00:00,Subject 948,3871,1155,199
2023-09-24 03:00:00,Subject 949,3505,1245,235
2023-07-30 23:00:00,Subject 950,2114,662,25
2023-08-18 00:00:00,Subject 951,8546,773,71
2023-08-06 10:00:00,Subject 952,4661,1219,62
2023-10-06 13:00:00,Subject 953,8085,2355,18
2023-06-15 08:00:00,Subject 954,1215,207,12
2023-06-29 02:00:00,Subject 955,4854,1204,168
2023-01-09 21:00:00,Subject 956,2205,1218,214
2023-12-17 01:00:00,Subject 957,9813,2675,184
2023-07-25 00:00:00,Subject 958,3814,879,19
2023-12-11 12:00:00,Subject 959,6869,942,96
2023-04-27 23:00:00,Subject 960,3918,485,21
2023-12-29 13:00:00,Subject 961,9241,2836,361
2023-12-27 00:00:00,Subject 962,2035,942,226
2023-02-26 19:00:00,Subject 963,3917,866,108
2023-12-08 00:00:00,Subject 964,9810,1957,330
2023-06-29 11:00:00,Subject 965,9171,3685,145
2023-06-26 11:00:00,Subject 966,3929,1537,10
2023-11-08 08:00:00,Subject 967,7096,3144,200
2023-02-11 06:00:00,Subject 968,3835,998,27
2023-08-03 05:00:00,Subject 969,9621,877,4
2023-01-17 23:00:00,Subject 970,7996,1097,55
2023-12-28 16:00:00,Subject 971,2028,808,28
2023-02-11 02:00:00,Subject 972,7799,2473,8
2023-09-27 00:00:00,Subject 973,8108,4964,1114
2023-09-22 00:00:00,Subject 974,2242,104,3
2023-03-12 20:00:00,Subject 975,5268,680,41
2023-10-23 13:00:00,Subject 976,9655,2937,4
2023-04-05 03:00:00,Subject 977,8556,2684,280
2023-05-19 20:00:00,Subject 978,2143,331,4
2023-04-12 18:00:00,Subject 979,1628,503,78
2023-05-13 03:00:00,Subject 980,2903,1368,11
2023-12-27 09:00:00,Subject 981,5775,807,197
2023-11-27 16:00:00,Subject 982,8089,3595,64
2023-09-17 21:00:00,Subject 983,2234,922,0
2023-07-25 06:00:00,Subject 984,5936,583,46
2023-06-22 08:00:00,Subject 985,6026,2621,24
2023-10-12 05:00:00,Subject 986,5738,1713,66
2023-05-24 17:00:00,Subject 987,1016,329,41
2023-04-19 15:00:00,Subject 988,2099,509,2
2023-08-10 00:00:00,Subject 989,6264,751,194
2023-03-10 23:00:00,Subject 990,7061,3402,211
2023-01-09 18:00:00,Subject 991,9045,939,7
2023-03-14 13:00:00,Subject 992,4761,1977,127
2023-02-05 14:00:00,Subject 993,6114,2917,81
2023-08-27 08:00:00,Subject 994,3705,544,12
2023-09-17 13:00:00,Subject 995,2469,535,18
2023-06-30 20:00:00,Subject 996,2926,672,8
2023-12-14 00:00:00,Subject 997,6430,852,13
2023-08-27 23:00:00,Subject 998,1110,246,22
2023-12-15 07:00:00,Subject 999,2404,576,6
2023-11-28 16:00:00,Subject 1000,2325,257,42
